Collection number,Title,Alternate title,Volume number,Issue number,Publication date,File name ,Description
RG.14.050,Johns Hopkins news-letter,Johns Hopkins University News-letter,70,1,1965 October 1,1965_070_001.pdf,"Digitized issue of the Johns Hopkins University Student News-Letter, Ferdinand Hamburger University Archives, RG 14.050."
RG.14.050,Johns Hopkins news-letter,Johns Hopkins University News-letter,70,2,1965 October 8,1965_070_002.pdf,"Digitized issue of the Johns Hopkins University Student News-Letter, Ferdinand Hamburger University Archives, RG 14.050."
RG.14.050,Johns Hopkins news-letter,Johns Hopkins University News-letter,70,3,1965 October 15,1965_070_003.pdf,"Digitized issue of the Johns Hopkins University Student News-Letter, Ferdinand Hamburger University Archives, RG 14.050."
RG.14.050,Johns Hopkins news-letter,Johns Hopkins University News-letter,70,4,1965 October 22,1965_070_004.pdf,"Digitized issue of the Johns Hopkins University Student News-Letter, Ferdinand Hamburger University Archives, RG 14.050."
RG.14.050,Johns Hopkins news-letter,Johns Hopkins University News-letter,70,5,1965 October 29,1965_070_005.pdf,"Digitized issue of the Johns Hopkins University Student News-Letter, Ferdinand Hamburger University Archives, RG 14.050."
RG.14.050,Johns Hopkins news-letter,Johns Hopkins University News-letter,70,6,1965 November 5,1965_070_006.pdf,"Digitized issue of the Johns Hopkins University Student News-Letter, Ferdinand Hamburger University Archives, RG 14.050."
RG.14.050,Johns Hopkins news-letter,Johns Hopkins University News-letter,70,7,1965 November 12,1965_070_007.pdf,"Digitized issue of the Johns Hopkins University Student News-Letter, Ferdinand Hamburger University Archives, RG 14.050."
RG.14.050,Johns Hopkins news-letter,Johns Hopkins University News-letter,70,8,1965 November 19,1965_070_008.pdf,"Digitized issue of the Johns Hopkins University Student News-Letter, Ferdinand Hamburger University Archives, RG 14.050."
RG.14.050,Johns Hopkins news-letter,Johns Hopkins University News-letter,70,9,1965 December 3,1965_070_009.pdf,"Digitized issue of the Johns Hopkins University Student News-Letter, Ferdinand Hamburger University Archives, RG 14.050."
RG.14.050,Johns Hopkins news-letter,Johns Hopkins University News-letter,70,10,1965 December 10,1965_070_010.pdf,"Digitized issue of the Johns Hopkins University Student News-Letter, Ferdinand Hamburger University Archives, RG 14.050."
RG.14.050,Johns Hopkins news-letter,Johns Hopkins University News-letter,70,11,1965 December 17,1965_070_011.pdf,"Digitized issue of the Johns Hopkins University Student News-Letter, Ferdinand Hamburger University Archives, RG 14.050."
RG.14.050,Johns Hopkins news-letter,Johns Hopkins University News-letter,70,12,1966 January 7,1966_070_012.pdf,"Digitized issue of the Johns Hopkins University Student News-Letter, Ferdinand Hamburger University Archives, RG 14.050."
RG.14.050,Johns Hopkins news-letter,Johns Hopkins University News-letter,70,13,1966 January 14,1966_070_013.pdf,"Digitized issue of the Johns Hopkins University Student News-Letter, Ferdinand Hamburger University Archives, RG 14.050."
RG.14.050,Johns Hopkins news-letter,Johns Hopkins University News-letter,70,14,1966 January 21,1966_070_014.pdf,"Digitized issue of the Johns Hopkins University Student News-Letter, Ferdinand Hamburger University Archives, RG 14.050."
RG.14.050,Johns Hopkins news-letter,Johns Hopkins University News-letter,70,15,1966 February 11,1966_070_015.pdf,"Digitized issue of the Johns Hopkins University Student News-Letter, Ferdinand Hamburger University Archives, RG 14.050."
RG.14.050,Johns Hopkins news-letter,Johns Hopkins University News-letter,70,16,1966 February 18,1966_070_016.pdf,"Digitized issue of the Johns Hopkins University Student News-Letter, Ferdinand Hamburger University Archives, RG 14.050."
RG.14.050,Johns Hopkins news-letter,Johns Hopkins University News-letter,70,17,1966 February 25,1966_070_017.pdf,"Digitized issue of the Johns Hopkins University Student News-Letter, Ferdinand Hamburger University Archives, RG 14.050."
RG.14.050,Johns Hopkins news-letter,Johns Hopkins University News-letter,70,18,1966 March 4,1966_070_018.pdf,"Digitized issue of the Johns Hopkins University Student News-Letter, Ferdinand Hamburger University Archives, RG 14.050."
RG.14.050,Johns Hopkins news-letter,Johns Hopkins University News-letter,70,19,1966 March 11,1966_070_019.pdf,"Digitized issue of the Johns Hopkins University Student News-Letter, Ferdinand Hamburger University Archives, RG 14.050."
RG.14.050,Johns Hopkins news-letter,Johns Hopkins University News-letter,70,20,1966 March 18,1966_070_020.pdf,"Digitized issue of the Johns Hopkins University Student News-Letter, Ferdinand Hamburger University Archives, RG 14.050."
RG.14.050,Johns Hopkins news-letter,Johns Hopkins University News-letter,70,21,1966 March 25,1966_070_021.pdf,"Digitized issue of the Johns Hopkins University Student News-Letter, Ferdinand Hamburger University Archives, RG 14.050."
RG.14.050,Johns Hopkins news-letter,Johns Hopkins University News-letter,70,22,1966 April 1,1966_070_022.pdf,"Digitized issue of the Johns Hopkins University Student News-Letter, Ferdinand Hamburger University Archives, RG 14.050."
RG.14.050,Johns Hopkins news-letter,Johns Hopkins University News-letter,70,23,1966 April 15,1966_070_023.pdf,"Digitized issue of the Johns Hopkins University Student News-Letter, Ferdinand Hamburger University Archives, RG 14.050."
RG.14.050,Johns Hopkins news-letter,Johns Hopkins University News-letter,70,24,1966 April 22,1966_070_024.pdf,"Digitized issue of the Johns Hopkins University Student News-Letter, Ferdinand Hamburger University Archives, RG 14.050."
RG.14.050,Johns Hopkins news-letter,Johns Hopkins University News-letter,70,25,1966 April 29,1966_070_025.pdf,"Digitized issue of the Johns Hopkins University Student News-Letter, Ferdinand Hamburger University Archives, RG 14.050."
RG.14.050,Johns Hopkins news-letter,Johns Hopkins University News-letter,70,26,1966 May 6,1966_070_026.pdf,"Digitized issue of the Johns Hopkins University Student News-Letter, Ferdinand Hamburger University Archives, RG 14.050."
RG.14.050,Johns Hopkins news-letter,Johns Hopkins University News-letter,70,27,1966 May 13,1966_070_027.pdf,"Digitized issue of the Johns Hopkins University Student News-Letter, Ferdinand Hamburger University Archives, RG 14.050."
RG.14.050,Johns Hopkins news-letter,Johns Hopkins University News-letter,70,28,1966 May 20,1966_070_028.pdf,"Digitized issue of the Johns Hopkins University Student News-Letter, Ferdinand Hamburger University Archives, RG 14.050."
RG.14.050,Johns Hopkins news-letter,Johns Hopkins University News-letter,95,1,1990 September 14,1990_095_001.pdf,"Digitized issue of the Johns Hopkins University Student News-Letter, Ferdinand Hamburger University Archives, RG 14.050."
RG.14.050,Johns Hopkins news-letter,Johns Hopkins University News-letter,95,2,1990 September 21,1990_095_002.pdf,"Digitized issue of the Johns Hopkins University Student News-Letter, Ferdinand Hamburger University Archives, RG 14.050."
RG.14.050,Johns Hopkins news-letter,Johns Hopkins University News-letter,95,3,1990 September 28,1990_095_003.pdf,"Digitized issue of the Johns Hopkins University Student News-Letter, Ferdinand Hamburger University Archives, RG 14.050."
RG.14.050,Johns Hopkins news-letter,Johns Hopkins University News-letter,95,4,1990 October 5,1990_095_004.pdf,"Digitized issue of the Johns Hopkins University Student News-Letter, Ferdinand Hamburger University Archives, RG 14.050."
RG.14.050,Johns Hopkins news-letter,Johns Hopkins University News-letter,95,5,1990 October 12,1990_095_005.pdf,"Digitized issue of the Johns Hopkins University Student News-Letter, Ferdinand Hamburger University Archives, RG 14.050."
RG.14.050,Johns Hopkins news-letter,Johns Hopkins University News-letter,95,6,1990 October 19,1990_095_006.pdf,"Digitized issue of the Johns Hopkins University Student News-Letter, Ferdinand Hamburger University Archives, RG 14.050."
RG.14.050,Johns Hopkins news-letter,Johns Hopkins University News-letter,95,7,1990 October 26,1990_095_007.pdf,"Digitized issue of the Johns Hopkins University Student News-Letter, Ferdinand Hamburger University Archives, RG 14.050."
RG.14.050,Johns Hopkins news-letter,Johns Hopkins University News-letter,95,8,1990 November 2,1990_095_008.pdf,"Digitized issue of the Johns Hopkins University Student News-Letter, Ferdinand Hamburger University Archives, RG 14.050."
RG.14.050,Johns Hopkins news-letter,Johns Hopkins University News-letter,95,9,1990 November 9,1990_095_009.pdf,"Digitized issue of the Johns Hopkins University Student News-Letter, Ferdinand Hamburger University Archives, RG 14.050."
RG.14.050,Johns Hopkins news-letter,Johns Hopkins University News-letter,95,10,1990 November 16,1990_095_010.pdf,"Digitized issue of the Johns Hopkins University Student News-Letter, Ferdinand Hamburger University Archives, RG 14.050."
RG.14.050,Johns Hopkins news-letter,Johns Hopkins University News-letter,95,11,1990 November 30,1990_095_011.pdf,"Digitized issue of the Johns Hopkins University Student News-Letter, Ferdinand Hamburger University Archives, RG 14.050."
RG.14.050,Johns Hopkins news-letter,Johns Hopkins University News-letter,95,12,1990 December 7,1990_095_012.pdf,"Digitized issue of the Johns Hopkins University Student News-Letter, Ferdinand Hamburger University Archives, RG 14.050."
RG.14.050,Johns Hopkins news-letter,Johns Hopkins University News-letter,95,13,1991 February 1,1991_095_013.pdf,"Digitized issue of the Johns Hopkins University Student News-Letter, Ferdinand Hamburger University Archives, RG 14.050."
RG.14.050,Johns Hopkins news-letter,Johns Hopkins University News-letter,95,14,1991 February 8,1991_095_014.pdf,"Digitized issue of the Johns Hopkins University Student News-Letter, Ferdinand Hamburger University Archives, RG 14.050."
RG.14.050,Johns Hopkins news-letter,Johns Hopkins University News-letter,95,15,1991 February 15,1991_095_015.pdf,"Digitized issue of the Johns Hopkins University Student News-Letter, Ferdinand Hamburger University Archives, RG 14.050."
RG.14.050,Johns Hopkins news-letter,Johns Hopkins University News-letter,95,16,1991 February 22,1991_095_016.pdf,"Digitized issue of the Johns Hopkins University Student News-Letter, Ferdinand Hamburger University Archives, RG 14.050."
RG.14.050,Johns Hopkins news-letter,Johns Hopkins University News-letter,95,17,1991 March 1,1991_095_017.pdf,"Digitized issue of the Johns Hopkins University Student News-Letter, Ferdinand Hamburger University Archives, RG 14.050."
RG.14.050,Johns Hopkins news-letter,Johns Hopkins University News-letter,95,18,1991 March 8,1991_095_018.pdf,"Digitized issue of the Johns Hopkins University Student News-Letter, Ferdinand Hamburger University Archives, RG 14.050."
RG.14.050,Johns Hopkins news-letter,Johns Hopkins University News-letter,95,19,1991 March 29,1991_095_019.pdf,"Digitized issue of the Johns Hopkins University Student News-Letter, Ferdinand Hamburger University Archives, RG 14.050."
RG.14.050,Johns Hopkins news-letter,Johns Hopkins University News-letter,95,20,1991 April 5,1991_095_020.pdf,"Digitized issue of the Johns Hopkins University Student News-Letter, Ferdinand Hamburger University Archives, RG 14.050."
RG.14.050,Johns Hopkins news-letter,Johns Hopkins University News-letter,95,21,1991 April 12,1991_095_021.pdf,"Digitized issue of the Johns Hopkins University Student News-Letter, Ferdinand Hamburger University Archives, RG 14.050."
RG.14.050,Johns Hopkins news-letter,Johns Hopkins University News-letter,95,22,1991 April 19,1991_095_022.pdf,"Digitized issue of the Johns Hopkins University Student News-Letter, Ferdinand Hamburger University Archives, RG 14.050."
RG.14.050,Johns Hopkins news-letter,Johns Hopkins University News-letter,95,23,1991 April 26,1991_095_023.pdf,"Digitized issue of the Johns Hopkins University Student News-Letter, Ferdinand Hamburger University Archives, RG 14.050."
RG.14.050,Johns Hopkins news-letter,Johns Hopkins University News-letter,95,,1991 March 1,1991_Lacrosse_01.pdf,"Digitized issue of the Johns Hopkins University Student News-Letter, Ferdinand Hamburger University Archives, RG 14.050."
